year_month,Revenue,Profit,Orders
2024-01,58624905.872,17587471.761600003,443
2024-02,52119875.8425,15635962.752750002,398
2024-03,59107313.156,17732193.9468,421
2024-04,59319941.8405,17795982.55215,440
2024-05,55201802.7475,16560540.824250001,435
2024-06,55158975.9035,16547692.77105,410
2024-07,53184413.8795,15955324.163850002,398
2024-08,64691719.8335,19407515.95005,459
2024-09,53348958.2705,16004687.481150001,392
2024-10,56357031.849,16907109.554700002,395
2024-11,56465363.8895,16939609.16685,412
2024-12,54695563.194,16408668.958200002,414
2025-01,61079605.741000004,18323881.7223,448
2025-02,49373433.413,14812030.023900002,372
2025-03,54419005.9645,16325701.789350001,403
2025-04,49933300.378,14979990.113400001,397
2025-05,56499456.9475,16949837.084250003,438
2025-06,62928763.339,18878629.001700003,461
2025-07,55313275.8805,16593982.764150001,421
2025-08,61442581.5345,18432774.460350003,456
2025-09,56626591.224,16987977.367200002,409
2025-10,58706690.1505,17612007.04515,437
2025-11,52028981.978,15608694.593400002,396
2025-12,45753336.337,13726000.9011,345
